<?xml version="1.0" encoding="UTF-8"?><?xml-stylesheet type='text/xsl' href='_UpgradeReport_Files/UpgradeReport.xslt'?><UpgradeLog>
<Properties><Property Name="Solution" Value="SolaMonitorSvc">
</Property><Property Name="Solution File" Value="D:\Visual Studio Projects\SolaMonitorSvc\SolaMonitorSvc.sln">
</Property><Property Name="User Options File" Value="D:\Visual Studio Projects\SolaMonitorSvc\SolaMonitorSvc.suo">
</Property><Property Name="Date" Value="November-01-13">
</Property><Property Name="Time" Value="16:23 PM">
</Property></Properties><Event ErrorLevel="0" Project="" Source="SolaMonitorSvc.sln" Description="File successfully backed up as D:\Visual Studio Projects\SolaMonitorSvc\SolaMonitorSvc.sln.old">
</Event><Event ErrorLevel="0" Project="" Source="SolaMonitorSvc.suo" Description="File successfully backed up as D:\Visual Studio Projects\SolaMonitorSvc\SolaMonitorSvc.suo.old">
</Event><Event ErrorLevel="0" Project="SolaMonitorSvc" Source="SolaMonitorSvc.vcproj" Description="Converting project file 'D:\Visual Studio Projects\SolaMonitorSvc\SolaMonitorSvc.vcproj'.">
</Event><Event ErrorLevel="1" Project="SolaMonitorSvc" Source="SolaMonitorSvc.vcproj" Description="VCWebServiceProxyGeneratorTool is no longer supported. The tool has been removed from your project settings.">
</Event><Event ErrorLevel="0" Project="SolaMonitorSvc" Source="SolaMonitorSvc.vcproj" Description="Done converting to new project file 'D:\Visual Studio Projects\SolaMonitorSvc\SolaMonitorSvc.vcxproj'.">
</Event><Event ErrorLevel="3" Project="SolaMonitorSvc" Source="SolaMonitorSvc.vcproj" Description="Converted">
</Event><Event ErrorLevel="0" Project="SMSvcConfig" Source="SMSvcConfig\SMSvcConfig.vcproj" Description="Converting project file 'D:\Visual Studio Projects\SolaMonitorSvc\SMSvcConfig\SMSvcConfig.vcproj'.">
</Event><Event ErrorLevel="1" Project="SMSvcConfig" Source="SMSvcConfig\SMSvcConfig.vcproj" Description="VCWebServiceProxyGeneratorTool is no longer supported. The tool has been removed from your project settings.">
</Event><Event ErrorLevel="0" Project="SMSvcConfig" Source="SMSvcConfig\SMSvcConfig.vcproj" Description="Done converting to new project file 'D:\Visual Studio Projects\SolaMonitorSvc\SMSvcConfig\SMSvcConfig.vcxproj'.">
</Event><Event ErrorLevel="3" Project="SMSvcConfig" Source="SMSvcConfig\SMSvcConfig.vcproj" Description="Converted">
</Event><Event ErrorLevel="0" Project="SMSvcControl" Source="SMSvcControl\SMSvcControl.vcproj" Description="Converting project file 'D:\Visual Studio Projects\SolaMonitorSvc\SMSvcControl\SMSvcControl.vcproj'.">
</Event><Event ErrorLevel="1" Project="SMSvcControl" Source="SMSvcControl\SMSvcControl.vcproj" Description="VCWebServiceProxyGeneratorTool is no longer supported. The tool has been removed from your project settings.">
</Event><Event ErrorLevel="0" Project="SMSvcControl" Source="SMSvcControl\SMSvcControl.vcproj" Description="Done converting to new project file 'D:\Visual Studio Projects\SolaMonitorSvc\SMSvcControl\SMSvcControl.vcxproj'.">
</Event><Event ErrorLevel="3" Project="SMSvcControl" Source="SMSvcControl\SMSvcControl.vcproj" Description="Converted">
</Event><Event ErrorLevel="0" Project="" Source="SolaMonitorSvc.sln" Description="Solution converted successfully">
</Event><Event ErrorLevel="3" Project="" Source="SolaMonitorSvc.sln" Description="Converted">
</Event></UpgradeLog>